strategy,entry_action,SL,TP,qty,entry_date,entry_time,entry_price,exit_date,exit_time,exit_price,exit_action
strategy1,BUY,508.896,523.26,1949,20190101,1115,513.0,20190102.0,915.0,508.6,LSL
strategy1,BUY,470.2576,483.531,2109,20190109,1445,474.05,20190115.0,1415.0,486.5,LT
strategy1,BUY,484.7904,498.474,2046,20190116,945,488.7,20190118.0,1015.0,484.4,LSL
strategy1,BUY,476.408,489.855,2082,20190122,1345,480.25,20190123.0,1415.0,491.35,LT
strategy1,BUY,481.12,494.7,2061,20190125,1115,485.0,20190125.0,1515.0,480.6,LSL
strategy1,BUY,483.0048,496.638,2053,20190129,1515,486.9,20190130.0,945.0,482.0,LSL
strategy1,BUY,483.352,496.995,2052,20190131,1115,487.25,20190201.0,1315.0,500.7,LT
strategy1,BUY,488.2624,502.044,2031,20190205,945,492.2,20190206.0,915.0,482.0,LSL
strategy1,BUY,482.7568,496.383,2054,20190207,945,486.65,20190208.0,1115.0,482.35,LSL
strategy1,BUY,478.392,491.895,2073,20190212,945,482.25,20190213.0,1345.0,477.85,LSL
strategy1,BUY,478.2928,491.79299999999995,2074,20190214,1445,482.15,20190214.0,1545.0,476.6,LSL
strategy1,BUY,462.768,475.83,2143,20190220,1315,466.5,20190221.0,1145.0,475.95,LT
strategy1,BUY,474.5728,487.96799999999996,2090,20190221,1215,478.4,20190222.0,1145.0,488.2,LT
strategy1,BUY,484.592,498.27,2047,20190222,1315,488.5,20190226.0,1215.0,507.8,LT
strategy1,BUY,509.59040000000005,523.974,1946,20190227,945,513.7,20190227.0,1145.0,508.8,LSL
strategy1,BUY,509.392,523.77,1947,20190227,1345,513.5,20190305.0,1215.0,524.85,LT
strategy1,BUY,520.8496,535.5509999999999,1904,20190305,1445,525.05,20190306.0,915.0,518.9,LSL
strategy1,BUY,515.6912,530.2470000000001,1923,20190307,1045,519.85,20190307.0,1515.0,515.4,LSL
strategy1,BUY,515.0464000000001,529.5840000000001,1926,20190311,945,519.2,20190311.0,1145.0,531.2,LT
strategy1,BUY,530.72,545.7,1869,20190311,1415,535.0,20190312.0,1215.0,530.0,LSL
strategy1,BUY,531.1664000000001,546.159,1867,20190313,1115,535.45,20190314.0,1015.0,530.85,LSL
strategy1,BUY,539.4,554.625,1839,20190315,945,543.75,20190315.0,1015.0,537.25,LSL
strategy1,BUY,532.704,547.74,1862,20190315,1445,537.0,20190318.0,1015.0,528.2,LSL
strategy1,BUY,488.7584,502.554,2029,20190326,1015,492.7,20190326.0,1145.0,488.5,LSL
strategy1,BUY,487.568,501.33,2034,20190326,1515,491.5,20190329.0,945.0,505.0,LT
strategy1,BUY,509.888,524.28,1945,20190329,1245,514.0,20190401.0,1545.0,508.3,LSL
strategy1,BUY,516.3856,530.9609999999999,1921,20190403,945,520.55,20190403.0,1015.0,515.65,LSL
strategy1,BUY,511.872,526.32,1937,20190403,1115,516.0,20190403.0,1415.0,510.55,LSL
strategy1,BUY,505.424,519.69,1962,20190404,1515,509.5,20190408.0,1215.0,503.3,LSL
strategy1,BUY,501.5552,515.712,1977,20190409,1415,505.6,20190410.0,1345.0,499.05,LSL
strategy1,BUY,496.496,510.51,1998,20190415,1045,500.5,20190415.0,1515.0,512.75,LT
strategy1,BUY,483.6992,497.35200000000003,2050,20190423,1515,487.6,20190424.0,945.0,483.65,LSL
strategy1,BUY,481.8144,495.414,2058,20190425,1145,485.7,20190425.0,1515.0,480.2,LSL
strategy1,BUY,461.032,474.045,2151,20190509,1145,464.75,20190509.0,1515.0,460.85,LSL
strategy1,BUY,453.98879999999997,466.803,2185,20190514,1415,457.65,20190515.0,1545.0,453.5,LSL
strategy1,BUY,449.47520000000003,462.16200000000003,2207,20190517,945,453.1,20190520.0,915.0,466.9,LT
strategy1,BUY,474.7712,488.172,2089,20190520,1445,478.6,20190520.0,1545.0,491.0,LT
strategy1,BUY,466.9344,480.114,2124,20190523,1015,470.7,20190523.0,1215.0,466.1,LSL
strategy1,BUY,467.43039999999996,480.62399999999997,2122,20190524,1415,471.2,20190527.0,945.0,485.0,LT
strategy1,BUY,479.53279999999995,493.068,2068,20190527,1145,483.4,20190527.0,1445.0,478.85,LSL
strategy1,BUY,485.9808,499.698,2041,20190528,945,489.9,20190528.0,1215.0,501.65,LT
strategy1,BUY,494.264,508.215,2007,20190528,1415,498.25,20190528.0,1515.0,489.0,LSL
strategy1,BUY,458.0064,470.93399999999997,2165,20190607,1015,461.7,20190607.0,1345.0,456.5,LSL
strategy1,BUY,461.47839999999997,474.50399999999996,2149,20190610,1115,465.2,20190610.0,1315.0,460.8,LSL
strategy1,BUY,461.47839999999997,474.50399999999996,2149,20190611,1015,465.2,20190611.0,1515.0,474.55,LT
strategy1,BUY,437.6208,449.97299999999996,2266,20190620,1515,441.15,20190624.0,945.0,436.05,LSL
strategy1,BUY,440.49760000000003,452.93100000000004,2251,20190626,945,444.05,20190627.0,1245.0,454.45,LT
strategy1,BUY,450.7648,463.488,2200,20190627,1445,454.4,20190628.0,1015.0,465.15,LT
strategy1,BUY,453.69120000000004,466.497,2186,20190701,1345,457.35,20190702.0,945.0,451.65,LSL
strategy1,BUY,459.59360000000004,472.56600000000003,2158,20190703,1045,463.3,20190704.0,1315.0,475.4,LT
strategy1,BUY,456.816,469.71,2171,20190711,1215,460.5,20190717.0,945.0,470.8,LT
strategy1,BUY,432.512,444.72,2293,20190725,945,436.0,20190725.0,1045.0,431.2,LSL
strategy1,BUY,433.8512,446.09700000000004,2286,20190726,1315,437.35,20190729.0,945.0,428.25,LSL
strategy1,BUY,419.7648,431.613,2363,20190805,1215,423.15,20190805.0,1515.0,417.8,LSL
strategy1,BUY,420.4592,432.327,2359,20190807,1015,423.85,20190807.0,1045.0,418.65,LSL
strategy1,BUY,409.7456,421.31100000000004,2421,20190808,1445,413.05,20190809.0,945.0,421.75,LT
strategy1,BUY,422.4928,434.41799999999995,2347,20190809,1215,425.9,20190809.0,1345.0,421.65,LSL
strategy1,BUY,421.74879999999996,433.65299999999996,2352,20190809,1445,425.15,20190809.0,1545.0,435.0,LT
strategy1,BUY,396.8496,408.051,2499,20190816,1145,400.05,20190816.0,1345.0,396.65,LSL
strategy1,BUY,397.8416,409.071,2493,20190819,1145,401.05,20190819.0,1515.0,396.2,LSL
strategy1,BUY,391.344,402.39,2534,20190821,1245,394.5,20190821.0,1345.0,390.4,LSL
strategy1,BUY,382.0192,392.802,2596,20190823,1315,385.1,20190823.0,1445.0,393.5,LT
strategy1,BUY,388.864,399.84,2551,20190826,1345,392.0,20190826.0,1445.0,388.85,LSL
strategy1,BUY,390.8976,401.93100000000004,2537,20190827,1015,394.05,20190827.0,1245.0,402.15,LT
strategy1,BUY,396.45279999999997,407.643,2502,20190828,1115,399.65,20190828.0,1145.0,393.75,LSL
strategy1,BUY,381.87039999999996,392.649,2597,20190830,1515,384.95,20190903.0,915.0,380.5,LSL
strategy1,BUY,381.92,392.7,2597,20190903,1315,385.0,20190903.0,1545.0,380.15,LSL
strategy1,BUY,385.0944,395.964,2575,20190905,945,388.2,20190905.0,1045.0,397.0,LT
strategy1,BUY,391.98879999999997,403.053,2530,20190905,1315,395.15,20190911.0,915.0,403.3,LT
strategy1,BUY,400.96639999999996,412.284,2474,20190911,1015,404.2,20190911.0,1415.0,412.5,LT
strategy1,BUY,406.0752,417.53700000000003,2442,20190913,1245,409.35,20190917.0,945.0,405.95,LSL
strategy1,BUY,402.5536,413.916,2464,20190919,945,405.8,20190919.0,1015.0,401.05,LSL
strategy1,BUY,406.2736,417.741,2441,20190920,1115,409.55,20190920.0,1215.0,431.45,LT
strategy1,BUY,421.40160000000003,433.296,2354,20190920,1515,424.8,20190923.0,915.0,446.8,LT
strategy1,BUY,449.624,462.315,2206,20190923,1515,453.25,20190924.0,1445.0,463.8,LT
strategy1,BUY,453.5424,466.344,2187,20190926,1245,457.2,20190926.0,1445.0,450.0,LSL
strategy1,BUY,447.1936,459.81600000000003,2218,20190930,1315,450.8,20190930.0,1345.0,445.2,LSL
strategy1,BUY,449.376,462.06,2207,20191001,1115,453.0,20191001.0,1215.0,446.7,LSL
strategy1,BUY,428.1968,440.28299999999996,2316,20191009,1215,431.65,20191010.0,945.0,427.75,LSL
strategy1,BUY,423.584,435.54,2341,20191014,945,427.0,20191016.0,945.0,437.1,LT
strategy1,BUY,433.1568,445.383,2290,20191016,1145,436.65,20191017.0,1515.0,457.55,LT
strategy1,BUY,448.7312,461.39700000000005,2210,20191018,945,452.35,20191018.0,1015.0,448.2,LSL
strategy1,BUY,450.368,463.08,2202,20191022,1015,454.0,20191022.0,1315.0,447.2,LSL
strategy1,BUY,450.96320000000003,463.692,2199,20191023,1345,454.6,20191024.0,1015.0,466.9,LT
strategy1,BUY,468.2736,481.491,2118,20191029,945,472.05,20191029.0,1115.0,465.9,LSL
strategy1,BUY,462.4208,475.47299999999996,2145,20191029,1215,466.15,20191030.0,945.0,459.4,LSL
strategy1,BUY,452.55039999999997,465.324,2192,20191101,1315,456.2,20191105.0,915.0,474.2,LT
strategy1,BUY,461.9248,474.96299999999997,2147,20191106,1315,465.65,20191107.0,945.0,461.15,LSL
strategy1,BUY,466.488,479.655,2126,20191107,1215,470.25,20191107.0,1345.0,466.15,LSL
strategy1,BUY,464.2064,477.30899999999997,2136,20191107,1445,467.95,20191108.0,915.0,463.3,LSL
strategy1,BUY,433.9504,446.199,2285,20191114,1415,437.45,20191115.0,1115.0,431.3,LSL
strategy1,BUY,434.6944,446.964,2282,20191115,1345,438.2,20191118.0,915.0,447.75,LT
strategy1,BUY,446.00320000000005,458.59200000000004,2224,20191118,1045,449.6,20191118.0,1445.0,446.0,LSL
strategy1,BUY,446.9456,459.56100000000004,2219,20191119,1045,450.55,20191120.0,945.0,461.75,LT
strategy1,BUY,455.4272,468.28200000000004,2178,20191120,1215,459.1,20191121.0,945.0,454.8,LSL
strategy1,BUY,449.1776,461.856,2208,20191122,1045,452.8,20191125.0,945.0,447.0,LSL
strategy1,BUY,457.6592,470.577,2167,20191127,945,461.35,20191128.0,915.0,470.6,LT
strategy1,BUY,462.272,475.32,2145,20191129,1315,466.0,20191202.0,915.0,461.85,LSL
strategy1,BUY,462.0736,475.116,2146,20191202,1145,465.8,20191203.0,1045.0,456.75,LSL
strategy1,BUY,443.02720000000005,455.53200000000004,2239,20191206,945,446.6,20191206.0,1145.0,442.1,LSL
strategy1,BUY,444.912,457.47,2229,20191209,1115,448.5,20191210.0,1045.0,444.75,LSL
strategy1,BUY,438.96,451.35,2259,20191212,1045,442.5,20191213.0,915.0,453.2,LT
strategy1,BUY,460.7344,473.739,2153,20191213,1345,464.45,20191217.0,915.0,474.95,LT
strategy1,BUY,472.0432,485.367,2101,20191217,1015,475.85,20191217.0,1545.0,489.0,LT
strategy1,BUY,483.3024,496.94399999999996,2052,20191218,945,487.2,20191223.0,1115.0,502.0,LT
strategy1,BUY,485.7824,499.49399999999997,2042,20191226,1445,489.7,20191231.0,1445.0,483.45,LSL
strategy1,BUY,485.23679999999996,498.933,2044,20200102,1015,489.15,20200103.0,1445.0,485.15,LSL
strategy1,BUY,483.0544,496.68899999999996,2053,20200107,1415,486.95,20200108.0,915.0,477.6,LSL
strategy1,BUY,483.104,496.74,2053,20200108,1515,487.0,20200109.0,1015.0,498.45,LT
strategy1,BUY,503.8864,518.109,1968,20200109,1415,507.95,20200110.0,1215.0,521.0,LT
strategy1,BUY,513.5088,528.0029999999999,1931,20200113,945,517.65,20200113.0,1315.0,512.1,LSL
strategy1,BUY,513.9055999999999,528.411,1930,20200114,1215,518.05,20200115.0,945.0,513.1,LSL
strategy1,BUY,515.344,529.89,1924,20200115,1045,519.5,20200116.0,1215.0,530.4,LT
strategy1,BUY,524.7184000000001,539.529,1890,20200117,1015,528.95,20200117.0,1515.0,523.85,LSL
strategy1,BUY,502.54720000000003,516.732,1973,20200123,1145,506.6,20200124.0,915.0,517.0,LT
strategy1,BUY,510.68159999999995,525.096,1942,20200124,1115,514.8,20200127.0,1545.0,506.25,LSL
strategy1,BUY,494.016,507.96,2008,20200201,1045,498.0,20200201.0,1145.0,491.35,LSL
strategy1,BUY,501.9024,516.069,1976,20200204,1315,505.95,20200204.0,1515.0,501.05,LSL
strategy1,BUY,502.2496,516.426,1975,20200205,945,506.3,20200206.0,945.0,519.7,LT
strategy1,BUY,520.304,534.99,1906,20200206,1345,524.5,20200206.0,1415.0,519.6,LSL
strategy1,BUY,515.2944,529.839,1925,20200207,1445,519.45,20200207.0,1545.0,515.0,LSL
strategy1,BUY,487.072,500.82,2036,20200214,945,491.0,20200214.0,1515.0,485.25,LSL
strategy1,BUY,480.7232,494.29200000000003,2063,20200219,1115,484.6,20200219.0,1215.0,480.0,LSL
strategy1,BUY,483.3024,496.94399999999996,2052,20200220,1015,487.2,20200224.0,915.0,476.1,LSL
strategy1,BUY,460.4864,473.484,2154,20200226,1315,464.2,20200226.0,1415.0,459.8,LSL
strategy1,BUY,457.808,470.73,2166,20200227,1445,461.5,20200228.0,915.0,446.95,LSL
strategy1,BUY,446.4,459.0,2222,20200302,1315,450.0,20200303.0,915.0,443.4,LSL
strategy1,BUY,433.9008,446.14799999999997,2286,20200305,1115,437.4,20200306.0,915.0,423.3,LSL
strategy1,BUY,369.8176,380.25600000000003,2682,20200316,1115,372.8,20200316.0,1545.0,368.5,LSL
strategy1,BUY,376.96,387.6,2631,20200317,1245,380.0,20200317.0,1415.0,375.3,LSL
strategy1,BUY,238.9728,245.71800000000002,4151,20200408,1315,240.9,20200408.0,1345.0,236.2,LSL
strategy1,BUY,243.3376,250.20600000000002,4076,20200413,1445,245.3,20200413.0,1515.0,239.75,LSL
strategy1,BUY,288.27520000000004,296.41200000000003,3441,20200420,1515,290.6,20200421.0,915.0,276.75,LSL
strategy1,BUY,271.90720000000005,279.58200000000005,3648,20200427,1245,274.1,20200427.0,1515.0,270.2,LSL
strategy1,BUY,283.3648,291.363,3500,20200506,1345,285.65,20200507.0,1515.0,277.75,LSL
strategy1,BUY,277.5616,285.396,3573,20200515,1415,279.8,20200515.0,1545.0,276.8,LSL
strategy1,BUY,276.768,284.58,3584,20200520,1415,279.0,20200521.0,945.0,286.25,LT
strategy1,BUY,284.6544,292.68899999999996,3484,20200521,1115,286.95,20200521.0,1245.0,293.0,LT
strategy1,BUY,288.3248,296.46299999999997,3440,20200526,1115,290.65,20200527.0,945.0,296.6,LT
strategy1,BUY,304.296,312.885,3259,20200528,1445,306.75,20200529.0,915.0,301.1,LSL
strategy1,BUY,307.52,316.2,3225,20200529,945,310.0,20200529.0,1115.0,316.9,LT
strategy1,BUY,312.43039999999996,321.24899999999997,3175,20200529,1415,314.95,20200529.0,1515.0,328.15,LT
strategy1,BUY,333.1632,342.567,2977,20200601,1315,335.85,20200602.0,1315.0,333.0,LSL
strategy1,BUY,335.296,344.76,2958,20200602,1445,338.0,20200602.0,1515.0,334.4,LSL
strategy1,BUY,335.792,345.27,2954,20200603,1045,338.5,20200603.0,1515.0,335.45,LSL
strategy1,BUY,340.05760000000004,349.656,2917,20200604,945,342.8,20200604.0,1415.0,338.55,LSL
strategy1,BUY,344.57120000000003,354.297,2878,20200605,1145,347.35,20200608.0,915.0,360.0,LT
strategy1,BUY,369.024,379.44,2688,20200609,1345,372.0,20200609.0,1415.0,362.65,LSL
strategy1,BUY,352.0608,361.998,2817,20200616,1245,354.9,20200616.0,1315.0,347.3,LSL
strategy1,BUY,352.16,362.1,2816,20200617,1315,355.0,20200618.0,1015.0,362.85,LT
strategy1,BUY,358.4096,368.526,2767,20200618,1315,361.3,20200619.0,1045.0,368.6,LT
strategy1,BUY,373.5872,384.132,2655,20200619,1345,376.6,20200622.0,1015.0,369.7,LSL
strategy1,BUY,323.49120000000005,332.622,3066,20200701,945,326.1,20200701.0,1015.0,323.3,LSL
strategy1,BUY,321.7056,330.786,3083,20200701,1115,324.3,20200701.0,1315.0,333.0,LT
strategy1,BUY,334.10560000000004,343.536,2969,20200702,1345,336.8,20200702.0,1445.0,333.8,LSL
strategy1,BUY,338.52,348.075,2930,20200703,945,341.25,20200703.0,1115.0,348.25,LT
strategy1,BUY,351.8624,361.794,2819,20200703,1415,354.7,20200706.0,915.0,362.0,LT
strategy1,BUY,361.48479999999995,371.688,2744,20200706,1245,364.4,20200707.0,1045.0,373.65,LT
strategy1,BUY,369.8176,380.25600000000003,2682,20200707,1315,372.8,20200708.0,945.0,369.25,LSL
strategy1,BUY,366.048,376.38,2710,20200709,1345,369.0,20200710.0,1115.0,361.95,LSL
strategy1,BUY,370.3632,380.817,2678,20200713,1345,373.35,20200713.0,1515.0,368.4,LSL
strategy1,BUY,368.42879999999997,378.828,2692,20200714,1245,371.4,20200714.0,1445.0,366.3,LSL
strategy1,BUY,371.10720000000003,381.58200000000005,2673,20200715,1015,374.1,20200715.0,1345.0,370.75,LSL
strategy1,BUY,372.992,383.52,2659,20200716,1245,376.0,20200717.0,915.0,384.7,LT
strategy1,BUY,377.05920000000003,387.702,2630,20200720,1045,380.1,20200722.0,1545.0,387.8,LT
strategy1,BUY,389.95520000000005,400.96200000000005,2543,20200723,945,393.1,20200723.0,1415.0,388.45,LSL
strategy1,BUY,382.416,393.21,2594,20200727,1145,385.5,20200727.0,1515.0,381.55,LSL
strategy1,BUY,383.6064,394.43399999999997,2585,20200728,1315,386.7,20200729.0,915.0,396.9,LT
strategy1,BUY,386.136,397.035,2569,20200804,1315,389.25,20200805.0,915.0,405.0,LT
strategy1,BUY,398.4368,409.683,2489,20200805,1515,401.65,20200807.0,1015.0,410.65,LT
strategy1,BUY,420.3104,432.174,2360,20200810,1215,423.7,20200810.0,1545.0,419.0,LSL
strategy1,BUY,416.8384,428.604,2379,20200812,1245,420.2,20200812.0,1315.0,415.35,LSL
strategy1,BUY,417.08639999999997,428.859,2378,20200812,1345,420.45,20200812.0,1415.0,436.0,LT
strategy1,BUY,493.2224,507.144,2011,20200814,945,497.2,20200814.0,1415.0,487.35,LSL
strategy1,BUY,493.4704,507.399,2010,20200818,945,497.45,20200819.0,1045.0,493.2,LSL
strategy1,BUY,488.4112,502.197,2031,20200820,1215,492.35,20200824.0,945.0,506.05,LT
strategy1,BUY,504.2336,518.466,1967,20200825,1015,508.3,20200825.0,1045.0,503.1,LSL
strategy1,BUY,494.9584,508.929,2004,20200826,1445,498.95,20200827.0,1415.0,516.3,LT
strategy1,BUY,493.52,507.45,2010,20200901,1315,497.5,20200902.0,915.0,490.6,LSL
strategy1,BUY,458.9984,471.954,2161,20200911,1215,462.7,20200914.0,1015.0,475.25,LT
strategy1,BUY,474.176,487.56,2092,20200914,1345,478.0,20200914.0,1415.0,473.5,LSL
strategy1,BUY,475.8624,489.294,2084,20200915,945,479.7,20200915.0,1015.0,475.5,LSL
strategy1,BUY,476.16,489.6,2083,20200915,1245,480.0,20200915.0,1315.0,475.65,LSL
strategy1,BUY,483.352,496.995,2052,20200916,945,487.25,20200916.0,1045.0,478.7,LSL
strategy1,BUY,477.6976,491.18100000000004,2076,20200916,1515,481.55,20200917.0,915.0,474.0,LSL
strategy1,BUY,479.88,493.425,2067,20200918,1145,483.75,20200918.0,1515.0,479.3,LSL
strategy1,BUY,433.8016,446.046,2286,20200925,1215,437.3,20200925.0,1445.0,447.2,LT
strategy1,BUY,448.4336,461.091,2212,20200928,945,452.05,20200929.0,1545.0,448.3,LSL
strategy1,BUY,446.9952,459.612,2219,20201001,1145,450.6,20201005.0,915.0,460.8,LT
strategy1,BUY,457.90720000000005,470.83200000000005,2166,20201005,1015,461.6,20201005.0,1115.0,457.1,LSL
strategy1,BUY,462.1232,475.16700000000003,2146,20201005,1445,465.85,20201007.0,945.0,475.3,LT
strategy1,BUY,468.57120000000003,481.797,2117,20201007,1215,472.35,20201007.0,1515.0,467.55,LSL
strategy1,BUY,462.3216,475.37100000000004,2145,20201013,945,466.05,20201013.0,1515.0,458.0,LSL
strategy1,BUY,448.6816,461.346,2210,20201015,945,452.3,20201015.0,1415.0,446.85,LSL
strategy1,BUY,449.7232,462.41700000000003,2205,20201020,1345,453.35,20201021.0,915.0,467.0,LT
strategy1,BUY,457.808,470.73,2166,20201022,1315,461.5,20201023.0,1045.0,470.9,LT
strategy1,BUY,474.87039999999996,488.274,2088,20201023,1145,478.7,20201023.0,1415.0,490.5,LT
strategy1,BUY,489.45279999999997,503.268,2026,20201026,945,493.4,20201026.0,1045.0,489.3,LSL
strategy1,BUY,454.48479999999995,467.313,2182,20201030,1045,458.15,20201030.0,1115.0,452.25,LSL
strategy1,BUY,455.12960000000004,467.976,2179,20201103,1415,458.8,20201105.0,915.0,471.5,LT
strategy1,BUY,467.728,480.93,2120,20201105,1315,471.5,20201106.0,1015.0,481.35,LT
strategy1,BUY,482.112,495.72,2057,20201109,1015,486.0,20201110.0,915.0,496.05,LT
strategy1,BUY,503.936,518.16,1968,20201110,945,508.0,20201110.0,1115.0,528.45,LT
strategy1,BUY,490.94079999999997,504.798,2020,20201117,1315,494.9,20201118.0,1015.0,506.3,LT
strategy1,BUY,497.0416,511.071,1995,20201118,1315,501.05,20201119.0,1315.0,514.05,LT
strategy1,BUY,509.09440000000006,523.464,1948,20201119,1415,513.2,20201119.0,1545.0,507.3,LSL
strategy1,BUY,501.5056,515.6610000000001,1978,20201125,945,505.55,20201125.0,1045.0,497.15,LSL
strategy1,BUY,499.224,513.315,1987,20201125,1215,503.25,20201125.0,1415.0,494.35,LSL
strategy1,BUY,510.28479999999996,524.688,1944,20201126,1315,514.4,20201127.0,1515.0,509.4,LSL
strategy1,BUY,513.5584,528.0540000000001,1931,20201202,1015,517.7,20201202.0,1315.0,512.95,LSL
strategy1,BUY,529.1328,544.068,1874,20201203,1345,533.4,20201204.0,915.0,544.7,LT
strategy1,BUY,545.4015999999999,560.7959999999999,1818,20201209,1145,549.8,20201210.0,945.0,540.85,LSL
strategy1,BUY,542.5744000000001,557.889,1828,20201211,945,546.95,20201214.0,1345.0,541.9,LSL
strategy1,BUY,542.624,557.94,1828,20201215,1045,547.0,20201215.0,1545.0,561.65,LT
strategy1,BUY,555.1232,570.792,1786,20201216,1045,559.6,20201216.0,1245.0,553.0,LSL
strategy1,BUY,554.032,569.67,1790,20201217,1015,558.5,20201217.0,1215.0,553.65,LSL
strategy1,BUY,553.9824000000001,569.619,1790,20201217,1515,558.45,20201218.0,1015.0,553.8,LSL
strategy1,BUY,550.0144,565.5390000000001,1803,20201218,1415,554.45,20201221.0,915.0,548.4,LSL
strategy1,BUY,530.6208,545.598,1869,20201223,1415,534.9,20201224.0,915.0,525.0,LSL
strategy1,BUY,518.4688,533.103,1913,20201231,945,522.65,20210101.0,1415.0,533.8,LT
strategy1,BUY,532.3072,547.332,1863,20210101,1445,536.6,20210104.0,1445.0,549.75,LT
strategy1,BUY,546.592,562.02,1814,20210105,1215,551.0,20210106.0,1415.0,543.15,LSL
strategy1,BUY,598.2752,615.162,1658,20210108,1215,603.1,20210111.0,1315.0,616.35,LT
strategy1,BUY,612.0144,629.2890000000001,1620,20210112,945,616.95,20210113.0,945.0,646.5,LT
strategy1,BUY,619.752,637.245,1600,20210115,1015,624.75,20210115.0,1045.0,615.4,LSL
strategy1,BUY,594.5552,611.337,1668,20210119,1045,599.35,20210119.0,1345.0,591.95,LSL
strategy1,BUY,595.0015999999999,611.7959999999999,1667,20210119,1515,599.8,20210120.0,945.0,617.15,LT
strategy1,BUY,614.048,631.38,1615,20210120,1345,619.0,20210121.0,1115.0,633.7,LT
strategy1,BUY,632.2016,650.0459999999999,1569,20210122,945,637.3,20210122.0,1345.0,627.85,LSL
strategy1,BUY,588.8512000000001,605.472,1684,20210129,945,593.6,20210129.0,1515.0,584.85,LSL
strategy1,BUY,593.6128,610.3679999999999,1671,20210201,1315,598.4,20210201.0,1345.0,613.0,LT
strategy1,BUY,628.432,646.17,1578,20210202,1115,633.5,20210202.0,1145.0,627.1,LSL
strategy1,BUY,625.0096,642.651,1587,20210202,1245,630.05,20210202.0,1445.0,645.2,LT
strategy1,BUY,635.7232,653.667,1560,20210205,945,640.85,20210205.0,1015.0,622.65,LSL
strategy1,BUY,628.68,646.425,1577,20210208,1145,633.75,20210209.0,915.0,649.1,LT
strategy1,BUY,647.8752000000001,666.162,1531,20210209,945,653.1,20210209.0,1145.0,646.8,LSL
strategy1,BUY,651.3472,669.732,1522,20210210,1445,656.6,20210211.0,1245.0,651.3,LSL
strategy1,BUY,638.6992,656.727,1553,20210217,945,643.85,20210217.0,1315.0,636.25,LSL
strategy1,BUY,607.352,624.495,1633,20210223,1215,612.25,20210223.0,1545.0,607.05,LSL
strategy1,BUY,610.08,627.3,1626,20210225,945,615.0,20210226.0,915.0,604.7,LSL
strategy1,BUY,615.784,633.165,1610,20210301,1045,620.75,20210302.0,1215.0,634.5,LT
strategy1,BUY,637.7568,655.7579999999999,1555,20210303,1015,642.9,20210303.0,1215.0,637.3,LSL
strategy1,BUY,633.9872,651.8820000000001,1564,20210304,1345,639.1,20210305.0,1045.0,630.15,LSL
strategy1,BUY,617.024,634.44,1607,20210310,1415,622.0,20210312.0,1415.0,613.7,LSL
strategy1,BUY,612.1135999999999,629.391,1620,20210316,945,617.05,20210316.0,1515.0,611.3,LSL
strategy1,BUY,589.4464,606.0840000000001,1682,20210319,1445,594.2,20210322.0,945.0,606.6,LT
strategy1,BUY,597.68,614.55,1659,20210322,1145,602.5,20210322.0,1245.0,597.45,LSL
strategy1,BUY,586.9664,603.534,1690,20210326,1345,591.7,20210326.0,1445.0,586.0,LSL
strategy1,BUY,594.0096,610.776,1670,20210330,945,598.8,20210330.0,1115.0,592.55,LSL
strategy1,BUY,588.1568,604.7579999999999,1686,20210331,1215,592.9,20210401.0,1215.0,605.6,LT
strategy1,BUY,600.656,617.61,1651,20210401,1315,605.5,20210405.0,1015.0,597.5,LSL
strategy1,BUY,607.7984,624.9540000000001,1632,20210406,1115,612.7,20210406.0,1245.0,607.75,LSL
strategy1,BUY,614.048,631.38,1615,20210406,1515,619.0,20210407.0,1045.0,609.9,LSL
strategy1,BUY,608.592,625.77,1629,20210407,1445,613.5,20210412.0,915.0,592.5,LSL
strategy1,BUY,586.6688,603.228,1690,20210413,1515,591.4,20210415.0,945.0,584.4,LSL
strategy1,BUY,577.7904000000001,594.099,1716,20210416,1045,582.45,20210416.0,1145.0,594.5,LT
strategy1,BUY,572.0864,588.234,1734,20210420,945,576.7,20210420.0,1115.0,588.25,LT
strategy1,BUY,576.0544000000001,592.3140000000001,1722,20210422,1315,580.7,20210423.0,945.0,593.55,LT
strategy1,BUY,577.344,593.64,1718,20210427,1315,582.0,20210427.0,1515.0,596.9,LT
strategy1,BUY,600.4576,617.406,1652,20210429,1415,605.3,20210430.0,915.0,600.2,LSL
strategy1,BUY,606.4096,623.526,1635,20210430,945,611.3,20210503.0,915.0,604.2,LSL
strategy1,BUY,614.3952,631.7370000000001,1614,20210503,1445,619.35,20210504.0,1015.0,642.9,LT
strategy1,BUY,633.888,651.78,1564,20210505,1445,639.0,20210510.0,1245.0,655.9,LT
strategy1,BUY,647.8752000000001,666.162,1531,20210510,1445,653.1,20210511.0,915.0,644.55,LSL
strategy1,BUY,653.9264000000001,672.384,1516,20210511,1045,659.2,20210511.0,1145.0,653.85,LSL
strategy1,BUY,651.0495999999999,669.4259999999999,1523,20210511,1215,656.3,20210511.0,1415.0,670.25,LT
strategy1,BUY,652.3392,670.7520000000001,1520,20210517,1045,657.6,20210518.0,1015.0,682.2,LT
strategy1,BUY,679.9168,699.108,1459,20210519,1115,685.4,20210519.0,1345.0,678.5,LSL
strategy1,BUY,651.0495999999999,669.4259999999999,1523,20210524,945,656.3,20210524.0,1015.0,650.95,LSL
strategy1,BUY,652.0415999999999,670.4459999999999,1521,20210524,1045,657.3,20210524.0,1515.0,651.25,LSL
strategy1,BUY,652.1904000000001,670.599,1521,20210525,1015,657.45,20210526.0,1115.0,671.25,LT
strategy1,BUY,669.8976,688.8059999999999,1480,20210527,1015,675.3,20210528.0,945.0,693.0,LT
strategy1,BUY,680.6112,699.822,1457,20210601,945,686.1,20210601.0,1045.0,678.0,LSL
strategy1,BUY,672.9728,691.968,1474,20210602,1115,678.4,20210602.0,1415.0,692.6,LT
strategy1,BUY,731.7984,752.4540000000001,1355,20210604,1215,737.7,20210604.0,1245.0,720.65,LSL
strategy1,BUY,755.4576,776.781,1313,20210608,1245,761.55,20210609.0,1315.0,752.7,LSL
strategy1,BUY,756.648,778.005,1311,20210610,1445,762.75,20210611.0,1045.0,756.1,LSL
strategy1,BUY,738.9904,759.849,1342,20210615,1245,744.95,20210615.0,1345.0,737.3,LSL
strategy1,BUY,731.104,751.74,1356,20210617,1015,737.0,20210617.0,1415.0,730.9,LSL
strategy1,BUY,723.168,743.58,1371,20210618,1515,729.0,20210621.0,915.0,720.3,LSL
strategy1,BUY,736.4112,757.197,1347,20210622,945,742.35,20210623.0,1145.0,735.95,LSL
strategy1,BUY,728.624,749.19,1361,20210624,1515,734.5,20210629.0,945.0,757.0,LT
strategy1,BUY,746.1824,767.244,1329,20210629,1245,752.2,20210701.0,1145.0,767.85,LT
strategy1,BUY,762.104,783.615,1301,20210701,1245,768.25,20210707.0,945.0,791.45,LT
strategy1,BUY,800.1472,822.732,1239,20210707,1515,806.6,20210713.0,945.0,824.7,LT
strategy1,BUY,811.456,834.36,1222,20210713,1145,818.0,20210714.0,1345.0,811.35,LSL
strategy1,BUY,805.8512000000001,828.597,1230,20210719,1515,812.35,20210720.0,1045.0,804.2,LSL
strategy1,BUY,797.9648,820.4879999999999,1243,20210722,1115,804.4,20210722.0,1345.0,797.55,LSL
strategy1,BUY,795.7824,818.244,1246,20210722,1515,802.2,20210723.0,1415.0,795.6,LSL
strategy1,BUY,775.5952,797.4870000000001,1279,20210729,945,781.85,20210730.0,1515.0,772.25,LSL
strategy1,BUY,778.8688,800.853,1273,20210802,1415,785.15,20210803.0,945.0,810.1,LT
strategy1,BUY,797.1712,819.672,1244,20210803,1115,803.6,20210804.0,1245.0,795.1,LSL
strategy1,BUY,781.448,803.505,1269,20210809,1045,787.75,20210809.0,1245.0,780.55,LSL
strategy1,BUY,788.6895999999999,810.9509999999999,1257,20210812,1145,795.05,20210812.0,1315.0,820.45,LT
strategy1,BUY,814.7296,837.726,1217,20210818,1045,821.3,20210818.0,1115.0,809.95,LSL
strategy1,BUY,734.3775999999999,755.106,1350,20210824,1515,740.3,20210825.0,1245.0,732.05,LSL
strategy1,BUY,726.4416,746.9459999999999,1365,20210827,1145,732.3,20210830.0,945.0,770.3,LT
strategy1,BUY,751.2416,772.4459999999999,1320,20210830,1245,757.3,20210901.0,1145.0,777.35,LT
strategy1,BUY,773.4624,795.2940000000001,1282,20210901,1445,779.7,20210903.0,945.0,800.0,LT
strategy1,BUY,767.7088,789.3779999999999,1292,20210909,1515,773.9,20210913.0,1015.0,767.2,LSL
strategy1,BUY,765.4768,787.083,1295,20210913,1345,771.65,20210914.0,1045.0,787.7,LT
strategy1,BUY,775.3968,797.283,1279,20210915,1415,781.65,20210917.0,945.0,772.8,LSL
strategy1,BUY,752.2335999999999,773.466,1318,20210923,945,758.3,20210923.0,1115.0,752.05,LSL
strategy1,BUY,746.976,768.06,1328,20210923,1215,753.0,20210924.0,915.0,770.0,LT
strategy1,BUY,754.9616,776.271,1313,20210927,1215,761.05,20210927.0,1345.0,780.8,LT
strategy1,BUY,733.3856,754.0859999999999,1352,20211004,945,739.3,20211005.0,915.0,731.3,LSL
strategy1,BUY,724.5568,745.0079999999999,1369,20211006,1245,730.4,20211006.0,1445.0,723.75,LSL
strategy1,BUY,733.7824,754.494,1351,20211007,945,739.7,20211008.0,1145.0,765.95,LT
strategy1,BUY,767.56,789.225,1292,20211011,945,773.75,20211011.0,1245.0,791.55,LT
strategy1,BUY,782.688,804.78,1267,20211011,1445,789.0,20211013.0,1115.0,811.05,LT
strategy1,BUY,801.04,823.65,1238,20211013,1415,807.5,20211014.0,1345.0,800.05,LSL
strategy1,BUY,799.0064000000001,821.5590000000001,1241,20211019,1345,805.45,20211019.0,1515.0,784.15,LSL
strategy1,BUY,777.5296,799.476,1275,20211021,1515,783.8,20211022.0,1015.0,802.75,LT
strategy1,BUY,775.744,797.64,1278,20211026,1415,782.0,20211028.0,945.0,769.35,LSL
strategy1,BUY,770.9824000000001,792.744,1286,20211029,1345,777.2,20211029.0,1415.0,768.2,LSL
strategy1,BUY,771.1808,792.948,1286,20211101,1015,777.4,20211101.0,1245.0,770.9,LSL
strategy1,BUY,776.3392,798.2520000000001,1277,20211101,1315,782.6,20211103.0,1045.0,775.0,LSL
strategy1,BUY,815.7216,838.746,1216,20211109,1045,822.3,20211110.0,1015.0,843.7,LT
strategy1,BUY,830.304,853.74,1194,20211110,1345,837.0,20211110.0,1545.0,828.0,LSL
strategy1,BUY,779.0175999999999,801.006,1273,20211116,945,785.3,20211116.0,1315.0,803.8,LT
strategy1,BUY,816.416,839.46,1215,20211117,945,823.0,20211117.0,1045.0,813.45,LSL
strategy1,BUY,739.4864,760.359,1341,20211123,1345,745.45,20211124.0,1545.0,738.65,LSL
strategy1,BUY,702.9312,722.772,1411,20211130,1215,708.6,20211130.0,1515.0,692.5,LSL
strategy1,BUY,694.3008,713.898,1428,20211201,1515,699.9,20211203.0,1115.0,718.0,LT
strategy1,BUY,692.3168,711.858,1432,20211207,1345,697.9,20211208.0,1245.0,712.25,LT
strategy1,BUY,708.536,728.535,1400,20211208,1315,714.25,20211210.0,945.0,729.1,LT
strategy1,BUY,724.656,745.11,1368,20211210,1045,730.5,20211216.0,1215.0,723.2,LSL
strategy1,BUY,667.2192,686.052,1486,20211221,1345,672.6,20211222.0,1145.0,686.25,LT
strategy1,BUY,690.432,709.92,1436,20211223,1045,696.0,20211224.0,945.0,683.35,LSL
strategy1,BUY,683.984,703.29,1450,20211227,1115,689.5,20211229.0,1345.0,703.45,LT
strategy1,BUY,693.904,713.49,1429,20211231,945,699.5,20220103.0,1415.0,713.95,LT
strategy1,BUY,713.3968,733.533,1390,20220104,945,719.15,20220104.0,1345.0,712.4,LSL
strategy1,BUY,711.9584000000001,732.0540000000001,1393,20220104,1515,717.7,20220106.0,1115.0,733.4,LT
strategy1,BUY,736.3616,757.146,1347,20220106,1315,742.3,20220110.0,945.0,760.0,LT
strategy1,BUY,759.1776,780.606,1306,20220110,1215,765.3,20220112.0,915.0,742.5,LSL
strategy1,BUY,755.6064,776.9340000000001,1312,20220113,945,761.7,20220114.0,1415.0,781.2,LT
strategy1,BUY,779.216,801.21,1273,20220117,945,785.5,20220117.0,1045.0,774.5,LSL
strategy1,BUY,721.5312,741.897,1374,20220125,1415,727.35,20220127.0,915.0,717.3,LSL
strategy1,BUY,739.288,760.155,1341,20220128,1245,745.25,20220128.0,1415.0,730.8,LSL
strategy1,BUY,735.6672,756.432,1348,20220201,1015,741.6,20220202.0,945.0,760.8,LT
strategy1,BUY,743.9008,764.898,1333,20220202,1445,749.9,20220203.0,1515.0,742.15,LSL
strategy1,BUY,728.3264,748.884,1362,20220208,945,734.2,20220208.0,1045.0,722.75,LSL
strategy1,BUY,732.6912,753.3720000000001,1353,20220209,1115,738.6,20220210.0,1145.0,759.3,LT
strategy1,BUY,707.5935999999999,727.5659999999999,1401,20220215,1415,713.3,20220216.0,1345.0,728.6,LT
strategy1,BUY,685.5712,704.922,1446,20220222,1515,691.1,20220223.0,1315.0,708.55,LT
strategy1,BUY,699.5584,719.3040000000001,1418,20220223,1515,705.2,20220224.0,915.0,676.6,LSL
strategy1,BUY,673.5184,692.529,1472,20220228,1215,678.95,20220228.0,1415.0,673.2,LSL
strategy1,BUY,670.1952,689.1120000000001,1480,20220228,1445,675.6,20220302.0,915.0,665.05,LSL
strategy1,BUY,619.1568,636.6329999999999,1602,20220309,1145,624.15,20220310.0,915.0,647.75,LT
strategy1,BUY,630.664,648.465,1572,20220314,1145,635.75,20220314.0,1415.0,650.8,LT
strategy1,BUY,654.8688,673.353,1514,20220315,945,660.15,20220315.0,1315.0,650.9,LSL
strategy1,BUY,657.1504,675.6990000000001,1509,20220316,1045,662.45,20220316.0,1545.0,676.0,LT
strategy1,BUY,682.1984,701.4540000000001,1454,20220317,1145,687.7,20220317.0,1415.0,680.9,LSL
strategy1,BUY,673.5184,692.529,1472,20220322,1215,678.95,20220323.0,915.0,698.4,LT
strategy1,BUY,678.0816,697.221,1462,20220324,1115,683.55,20220325.0,915.0,699.35,LT
strategy1,BUY,692.5648,712.1129999999999,1432,20220328,1415,698.15,20220330.0,915.0,714.0,LT
strategy1,BUY,711.8592,731.952,1393,20220330,945,717.6,20220330.0,1245.0,711.3,LSL
strategy1,BUY,696.6816,716.346,1423,20220401,1515,702.3,20220405.0,1045.0,717.05,LT
strategy1,BUY,714.6864,734.859,1388,20220405,1115,720.45,20220408.0,1145.0,740.6,LT
strategy1,BUY,742.3136,763.266,1336,20220408,1315,748.3,20220411.0,945.0,738.6,LSL
strategy1,BUY,726.5408,747.048,1365,20220413,1115,732.4,20220418.0,915.0,718.8,LSL
strategy1,BUY,727.7808,748.323,1363,20220419,1115,733.65,20220419.0,1515.0,727.0,LSL
strategy1,BUY,740.4288,761.328,1339,20220420,945,746.4,20220420.0,1045.0,739.5,LSL
strategy1,BUY,737.0064000000001,757.8090000000001,1345,20220420,1115,742.95,20220420.0,1145.0,732.75,LSL
strategy1,BUY,740.0816,760.971,1340,20220421,1115,746.05,20220421.0,1315.0,739.15,LSL
strategy1,BUY,722.3744,742.764,1373,20220426,1445,728.2,20220427.0,945.0,715.45,LSL
strategy1,BUY,680.6608,699.8729999999999,1457,20220505,945,686.15,20220505.0,1415.0,677.0,LSL
strategy1,BUY,641.2288,659.328,1547,20220510,1115,646.4,20220510.0,1245.0,638.0,LSL
strategy1,BUY,645.296,663.51,1537,20220516,1315,650.5,20220516.0,1445.0,666.5,LT
strategy1,BUY,662.1104,680.7990000000001,1498,20220517,945,667.45,20220518.0,915.0,684.0,LT
strategy1,BUY,682.0,701.25,1454,20220523,1115,687.5,20220524.0,1015.0,676.2,LSL
strategy1,BUY,671.6832,690.642,1476,20220527,1015,677.1,20220527.0,1215.0,670.2,LSL
strategy1,BUY,669.6,688.5,1481,20220527,1415,675.0,20220531.0,915.0,691.85,LT
strategy1,BUY,711.4624,731.5440000000001,1394,20220531,1245,717.2,20220531.0,1515.0,700.3,LSL
strategy1,BUY,648.272,666.57,1530,20220607,1515,653.5,20220609.0,1145.0,666.75,LT
strategy1,BUY,664.3424,683.094,1493,20220609,1215,669.7,20220613.0,915.0,659.5,LSL
strategy1,BUY,657.2992,675.852,1509,20220614,1215,662.6,20220614.0,1415.0,653.25,LSL
strategy1,BUY,650.8016,669.1709999999999,1524,20220616,1045,656.05,20220616.0,1145.0,648.55,LSL
strategy1,BUY,638.2032,656.217,1554,20220621,1345,643.35,20220622.0,1015.0,635.45,LSL
strategy1,BUY,639.2447999999999,657.288,1551,20220623,945,644.4,20220623.0,1245.0,636.85,LSL
strategy1,BUY,646.4368,664.683,1534,20220623,1445,651.65,20220624.0,1515.0,646.15,LSL
strategy1,BUY,646.3376,664.5809999999999,1534,20220627,1345,651.55,20220628.0,915.0,641.55,LSL
strategy1,BUY,648.4208,666.723,1529,20220628,1045,653.65,20220629.0,1245.0,647.5,LSL
strategy1,BUY,642.5184,660.654,1543,20220704,1415,647.7,20220705.0,1145.0,661.55,LT
strategy1,BUY,652.0912000000001,670.4970000000001,1521,20220705,1415,657.35,20220706.0,945.0,652.0,LSL
strategy1,BUY,660.6224000000001,679.269,1501,20220707,945,665.95,20220711.0,1045.0,658.0,LSL
strategy1,BUY,648.4704,666.774,1529,20220714,1045,653.7,20220714.0,1215.0,648.05,LSL
strategy1,BUY,654.6704000000001,673.149,1515,20220714,1515,659.95,20220714.0,1545.0,653.25,LSL
strategy1,BUY,647.8256,666.111,1531,20220718,945,653.05,20220719.0,1515.0,669.25,LT
strategy1,BUY,677.4368,696.558,1464,20220720,1145,682.9,20220722.0,945.0,712.85,LT
strategy1,BUY,705.4608,725.3729999999999,1406,20220725,1115,711.15,20220725.0,1545.0,702.8,LSL
strategy1,BUY,699.6576,719.406,1417,20220727,945,705.3,20220728.0,945.0,722.95,LT
strategy1,BUY,720.5888,740.928,1376,20220728,1415,726.4,20220729.0,1015.0,741.0,LT
strategy1,BUY,732.1456,752.8109999999999,1354,20220729,1145,738.05,20220729.0,1545.0,731.45,LSL
strategy1,BUY,739.5856,760.4609999999999,1341,20220801,945,745.55,20220801.0,1315.0,739.2,LSL
strategy1,BUY,741.4704,762.399,1337,20220801,1445,747.45,20220803.0,915.0,732.15,LSL
strategy1,BUY,710.4704,730.524,1396,20220805,1215,716.2,20220805.0,1415.0,708.3,LSL
strategy1,BUY,706.2544,726.1890000000001,1404,20220808,1415,711.95,20220811.0,1015.0,727.15,LT
strategy1,BUY,730.2112000000001,750.822,1358,20220811,1515,736.1,20220812.0,915.0,752.45,LT
strategy1,BUY,728.8224,749.394,1361,20220826,1115,734.7,20220829.0,915.0,715.45,LSL
strategy1,BUY,727.5328,748.068,1363,20220830,1015,733.4,20220901.0,1515.0,753.3,LT
strategy1,BUY,759.7232,781.167,1305,20220902,1145,765.85,20220907.0,945.0,759.6,LSL
strategy1,BUY,773.76,795.6,1282,20220909,945,780.0,20220916.0,1015.0,760.85,LSL
strategy1,BUY,763.6415999999999,785.1959999999999,1299,20220920,1315,769.8,20220922.0,1215.0,761.05,LSL
strategy1,BUY,772.5695999999999,794.376,1284,20220922,1345,778.8,20220923.0,945.0,764.3,LSL
strategy1,BUY,698.864,718.59,1419,20220929,945,704.5,20220929.0,1045.0,698.6,LSL
strategy1,BUY,687.9024000000001,707.3190000000001,1442,20220930,1145,693.45,20221003.0,1015.0,685.75,LSL
strategy1,BUY,696.9792,716.652,1423,20221004,1015,702.6,20221006.0,915.0,750.25,LT
strategy1,BUY,761.2608,782.7479999999999,1303,20221007,945,767.4,20221007.0,1015.0,759.2,LSL
strategy1,BUY,762.6496,784.1759999999999,1300,20221007,1245,768.8,20221010.0,915.0,762.2,LSL
strategy1,BUY,762.9472000000001,784.482,1300,20221010,1215,769.1,20221012.0,1115.0,756.65,LSL
strategy1,BUY,756.3504,777.6990000000001,1311,20221014,1015,762.45,20221014.0,1415.0,754.5,LSL
strategy1,BUY,774.3055999999999,796.161,1281,20221018,1015,780.55,20221019.0,1345.0,797.0,LT
strategy1,BUY,783.4816,805.596,1266,20221020,1515,789.8,20221021.0,945.0,783.1,LSL
strategy1,BUY,782.192,804.27,1268,20221021,1015,788.5,20221021.0,1345.0,775.5,LSL
strategy1,BUY,782.44,804.525,1267,20221025,945,788.75,20221025.0,1415.0,809.0,LT
strategy1,BUY,823.0128,846.2429999999999,1205,20221028,945,829.65,20221101.0,1415.0,849.75,LT
strategy1,BUY,851.136,875.16,1165,20221102,945,858.0,20221102.0,1445.0,847.7,LSL
strategy1,BUY,849.2512,873.222,1168,20221103,1445,856.1,20221104.0,1045.0,848.55,LSL
strategy1,BUY,853.12,877.2,1162,20221107,1015,860.0,20221109.0,945.0,878.45,LT
strategy1,BUY,875.936,900.66,1132,20221109,1045,883.0,20221110.0,915.0,874.0,LSL
strategy1,BUY,878.168,902.955,1129,20221110,945,885.25,20221110.0,1215.0,877.4,LSL
strategy1,BUY,884.0208,908.973,1122,20221111,945,891.15,20221114.0,1015.0,879.9,LSL
strategy1,BUY,837.8432,861.4920000000001,1183,20221117,1015,844.6,20221117.0,1515.0,836.4,LSL
strategy1,BUY,822.0208,845.223,1206,20221122,1015,828.65,20221123.0,1115.0,845.5,LT
strategy1,BUY,840.9184,864.654,1179,20221123,1315,847.7,20221125.0,945.0,838.6,LSL
strategy1,BUY,841.2656,865.011,1179,20221125,1445,848.05,20221202.0,945.0,841.0,LSL
strategy1,BUY,844.2912,868.1220000000001,1174,20221202,1245,851.1,20221206.0,915.0,841.9,LSL
strategy1,BUY,834.3216,857.871,1188,20221207,1345,841.05,20221208.0,1145.0,867.25,LT
strategy1,BUY,868.496,893.01,1142,20221212,1215,875.5,20221212.0,1315.0,867.5,LSL
strategy1,BUY,862.3952,886.7370000000001,1150,20221212,1415,869.35,20221213.0,1245.0,893.75,LT
strategy1,BUY,891.064,916.215,1113,20221214,1015,898.25,20221216.0,945.0,884.5,LSL
strategy1,BUY,875.8864000000001,900.609,1132,20221219,1115,882.95,20221221.0,915.0,901.0,LT
strategy1,BUY,870.2815999999999,894.846,1139,20221226,1345,877.3,20221228.0,945.0,870.1,LSL
strategy1,BUY,873.952,898.62,1135,20221228,1045,881.0,20221228.0,1245.0,873.0,LSL
strategy1,BUY,870.1328,894.693,1140,20221228,1415,877.15,20221229.0,915.0,865.55,LSL
strategy1,BUY,873.6048,898.2629999999999,1135,20221230,1345,880.65,20230104.0,945.0,867.65,LSL
strategy1,BUY,864.0816,888.471,1148,20230105,1045,871.05,20230111.0,1145.0,863.4,LSL
strategy1,BUY,871.1744,895.764,1138,20230112,1045,878.2,20230112.0,1415.0,868.65,LSL
strategy1,BUY,867.256,891.735,1143,20230113,1315,874.25,20230116.0,1115.0,862.15,LSL
strategy1,BUY,856.6912,880.8720000000001,1157,20230117,1415,863.6,20230124.0,915.0,883.4,LT
strategy1,BUY,859.072,883.32,1154,20230127,945,866.0,20230127.0,1015.0,855.0,LSL
strategy1,BUY,856.5424,880.719,1158,20230130,1145,863.45,20230131.0,1145.0,881.55,LT
strategy1,BUY,884.1696,909.126,1121,20230201,1115,891.3,20230201.0,1345.0,878.6,LSL
strategy1,BUY,868.0992,892.602,1142,20230206,1015,875.1,20230206.0,1245.0,867.45,LSL
strategy1,BUY,869.6368,894.183,1140,20230206,1515,876.65,20230207.0,1015.0,869.25,LSL
strategy1,BUY,866.512,890.97,1144,20230209,945,873.5,20230209.0,1245.0,865.9,LSL
strategy1,BUY,862.7424000000001,887.094,1149,20230209,1515,869.7,20230213.0,915.0,893.15,LT
strategy1,BUY,888.2368,913.308,1116,20230213,1215,895.4,20230213.0,1545.0,888.05,LSL
strategy1,BUY,889.9232000000001,915.042,1114,20230214,1045,897.1,20230214.0,1215.0,889.0,LSL
strategy1,BUY,841.2656,865.011,1179,20230216,1115,848.05,20230220.0,945.0,869.0,LT
strategy1,BUY,859.072,883.32,1154,20230220,1315,866.0,20230220.0,1545.0,857.7,LSL
strategy1,BUY,860.6592,884.952,1152,20230221,1045,867.6,20230221.0,1215.0,859.75,LSL
strategy1,BUY,815.9695999999999,839.001,1215,20230228,1315,822.55,20230228.0,1445.0,815.0,LSL
strategy1,BUY,819.2927999999999,842.418,1210,20230301,1415,825.9,20230303.0,1245.0,816.05,LSL
strategy1,BUY,825.4928,848.793,1201,20230306,1045,832.15,20230308.0,945.0,822.65,LSL
strategy1,BUY,825.344,848.64,1201,20230308,1345,832.0,20230309.0,1515.0,824.6,LSL
strategy1,BUY,792.9552,815.337,1251,20230315,945,799.35,20230315.0,1515.0,791.55,LSL
strategy1,BUY,776.3888,798.303,1277,20230322,1345,782.65,20230323.0,945.0,775.0,LSL
strategy1,BUY,751.9856,773.2109999999999,1319,20230329,1515,758.05,20230403.0,915.0,779.9,LT
strategy1,BUY,769.5935999999999,791.3159999999999,1288,20230403,1045,775.8,20230405.0,915.0,757.0,LSL
strategy1,BUY,753.8208,775.098,1315,20230406,945,759.9,20230410.0,915.0,751.5,LSL
strategy1,BUY,751.8367999999999,773.058,1319,20230410,1345,757.9,20230412.0,1115.0,774.5,LT
strategy1,BUY,761.856,783.36,1302,20230417,1015,768.0,20230418.0,1315.0,783.45,LT
strategy1,BUY,778.472,800.445,1274,20230418,1345,784.75,20230419.0,1245.0,778.2,LSL
strategy1,BUY,778.8192,800.802,1273,20230420,1115,785.1,20230421.0,1015.0,778.35,LSL
strategy1,BUY,777.7776,799.731,1275,20230424,1315,784.05,20230428.0,1515.0,801.75,LT
strategy1,BUY,797.072,819.57,1244,20230502,1015,803.5,20230503.0,915.0,789.8,LSL
strategy1,BUY,772.0735999999999,793.866,1284,20230508,1215,778.3,20230512.0,945.0,771.7,LSL
strategy1,BUY,766.1216,787.746,1294,20230516,1045,772.3,20230517.0,915.0,765.25,LSL
strategy1,BUY,767.1632000000001,788.817,1293,20230517,1015,773.35,20230517.0,1215.0,766.85,LSL
strategy1,BUY,765.5264000000001,787.134,1295,20230517,1445,771.7,20230518.0,1515.0,764.8,LSL
strategy1,BUY,755.904,777.24,1312,20230522,945,762.0,20230525.0,1345.0,755.15,LSL
strategy1,BUY,757.7392,779.1270000000001,1309,20230526,1015,763.85,20230529.0,1145.0,780.5,LT
strategy1,BUY,776.7855999999999,798.7109999999999,1277,20230529,1215,783.05,20230602.0,915.0,798.9,LT
strategy1,BUY,791.7152,814.062,1252,20230605,1215,798.1,20230608.0,1045.0,818.4,LT
strategy1,BUY,820.88,844.05,1208,20230608,1315,827.5,20230608.0,1445.0,820.25,LSL
strategy1,BUY,815.2752,838.287,1216,20230612,1015,821.85,20230616.0,1415.0,839.0,LT
strategy1,BUY,832.288,855.78,1191,20230619,1015,839.0,20230619.0,1445.0,830.0,LSL
strategy1,BUY,815.0272,838.032,1217,20230622,1015,821.6,20230622.0,1445.0,813.85,LSL
strategy1,BUY,805.8512000000001,828.597,1230,20230626,1315,812.35,20230630.0,1015.0,832.65,LT
strategy1,BUY,831.2464,854.7090000000001,1193,20230630,1245,837.95,20230705.0,1215.0,854.75,LT
strategy1,BUY,847.168,871.08,1170,20230705,1415,854.0,20230707.0,1045.0,843.55,LSL
strategy1,BUY,840.0752,863.787,1180,20230710,1245,846.85,20230714.0,1445.0,866.5,LT
strategy1,BUY,863.9824000000001,888.369,1148,20230717,945,870.95,20230717.0,1045.0,863.55,LSL
strategy1,BUY,856.7904000000001,880.974,1157,20230717,1145,863.7,20230719.0,1045.0,856.7,LSL
strategy1,BUY,845.184,869.04,1173,20230721,1215,852.0,20230724.0,1115.0,844.75,LSL
strategy1,BUY,855.104,879.24,1160,20230725,945,862.0,20230727.0,915.0,881.7,LT
strategy1,BUY,876.9775999999999,901.731,1131,20230727,945,884.05,20230727.0,1315.0,875.75,LSL
strategy1,BUY,873.7536,898.4159999999999,1135,20230727,1515,880.8,20230727.0,1545.0,913.25,LT
strategy1,BUY,896.2224,921.519,1106,20230728,1245,903.45,20230731.0,1145.0,929.15,LT
strategy1,BUY,927.4704,953.649,1069,20230801,1145,934.95,20230802.0,915.0,926.75,LSL
strategy1,BUY,908.4735999999999,934.116,1091,20230804,1145,915.8,20230807.0,1215.0,908.1,LSL
strategy1,BUY,910.5568,936.2579999999999,1089,20230809,1315,917.9,20230809.0,1345.0,940.15,LT
strategy1,BUY,958.2224,985.269,1035,20230811,1115,965.95,20230814.0,945.0,955.55,LSL
strategy1,BUY,953.1135999999999,980.016,1040,20230816,1315,960.8,20230818.0,1015.0,950.85,LSL
strategy1,BUY,953.6592,980.577,1040,20230818,1415,961.35,20230821.0,1115.0,984.9,LT
strategy1,BUY,980.096,1007.76,1012,20230821,1215,988.0,20230821.0,1415.0,979.7,LSL
strategy1,BUY,982.3775999999999,1010.106,1009,20230822,1015,990.3,20230823.0,915.0,1012.75,LT
strategy1,BUY,1023.744,1052.64,968,20230823,945,1032.0,20230825.0,1515.0,1022.7,LSL
strategy1,BUY,1037.3344,1066.614,956,20230828,1215,1045.7,20230829.0,1245.0,1066.95,LT
strategy1,BUY,1063.0768,1093.083,933,20230829,1315,1071.65,20230830.0,1145.0,1061.45,LSL
strategy1,BUY,1063.8208000000002,1093.8480000000002,932,20230831,1115,1072.4,20230831.0,1445.0,1063.35,LSL
strategy1,BUY,1070.12,1100.325,926,20230901,1445,1078.75,20230906.0,915.0,1101.4,LT
strategy1,BUY,1099.632,1130.67,902,20230906,1045,1108.5,20230906.0,1145.0,1095.2,LSL
strategy1,BUY,1096.4576,1127.406,904,20230907,1345,1105.3,20230912.0,1015.0,1091.3,LSL
strategy1,BUY,1072.848,1103.13,924,20230913,1515,1081.5,20230914.0,945.0,1107.35,LT
strategy1,BUY,1088.6704,1119.3990000000001,911,20230914,1145,1097.45,20230915.0,915.0,1122.1,LT
strategy1,BUY,1111.9824,1143.3690000000001,892,20230915,1115,1120.95,20230920.0,915.0,1109.95,LSL
strategy1,BUY,1122.0016,1153.671,884,20230920,1215,1131.05,20230921.0,1245.0,1113.5,LSL
strategy1,BUY,1094.176,1125.06,906,20230925,1315,1103.0,20230926.0,1345.0,1091.45,LSL
strategy1,BUY,1085.1488000000002,1115.778,914,20230927,1445,1093.9,20230928.0,1145.0,1083.45,LSL
strategy1,BUY,1090.0095999999999,1120.7759999999998,910,20230929,945,1098.8,20230929.0,1115.0,1089.9,LSL
strategy1,BUY,1084.9504,1115.574,914,20230929,1145,1093.7,20231003.0,915.0,1080.7,LSL
strategy1,BUY,1061.936,1091.91,934,20231005,1215,1070.5,20231006.0,1415.0,1092.2,LT
strategy1,BUY,1094.6224,1125.519,906,20231010,945,1103.45,20231017.0,915.0,1126.8,LT
strategy1,BUY,1113.6191999999999,1145.052,890,20231017,1215,1122.6,20231018.0,1145.0,1113.1,LSL
strategy1,BUY,1022.9504000000001,1051.824,969,20231027,1145,1031.2,20231030.0,915.0,1020.75,LSL
strategy1,BUY,1018.1392,1046.877,974,20231101,1145,1026.35,20231106.0,1245.0,1070.5,LT
strategy1,BUY,1058.2656,1088.136,937,20231107,1215,1066.8,20231107.0,1445.0,1058.0,LSL
strategy1,BUY,1032.424,1061.565,960,20231110,1515,1040.75,20231113.0,1315.0,1032.25,LSL
strategy1,BUY,1038.8224,1068.144,954,20231115,1045,1047.2,20231120.0,1515.0,1068.9,LT
strategy1,BUY,1068.1856,1098.336,928,20231121,1045,1076.8,20231123.0,915.0,1101.85,LT
strategy1,BUY,1093.5808000000002,1124.448,907,20231123,1015,1102.4,20231123.0,1545.0,1090.0,LSL
strategy1,BUY,1105.0384000000001,1136.229,897,20231124,1015,1113.95,20231128.0,1415.0,1097.7,LSL
strategy1,BUY,1103.5008,1134.6480000000001,898,20231129,1315,1112.4,20231201.0,1115.0,1135.5,LT
strategy1,BUY,1129.7888,1161.678,878,20231201,1215,1138.9,20231204.0,915.0,1170.45,LT
strategy1,BUY,1170.3616,1203.396,847,20231205,945,1179.8,20231205.0,1145.0,1164.15,LSL
strategy1,BUY,1163.8144,1196.664,852,20231205,1345,1173.2,20231207.0,1515.0,1163.35,LSL
strategy1,BUY,1165.2032,1198.0919999999999,851,20231208,1245,1174.6,20231212.0,915.0,1202.45,LT
strategy1,BUY,1201.1632,1235.067,825,20231212,1115,1210.85,20231212.0,1245.0,1194.5,LSL
strategy1,BUY,1185.7376,1219.206,836,20231213,1515,1195.3,20231218.0,945.0,1184.6,LSL
strategy1,BUY,1190.0031999999999,1223.5919999999999,833,20231218,1115,1199.6,20231219.0,1415.0,1225.2,LT
strategy1,BUY,1189.1104,1222.674,834,20231222,1015,1198.7,20231226.0,1115.0,1223.95,LT
strategy1,BUY,1214.2576,1248.531,816,20231226,1245,1224.05,20231227.0,1245.0,1212.6,LSL
strategy1,BUY,1224.9216,1259.4959999999999,809,20231228,1045,1234.8,20240103.0,1015.0,1220.0,LSL
strategy1,BUY,1232.808,1267.605,804,20240104,1145,1242.75,20240105.0,1315.0,1269.5,LT
strategy1,BUY,1256.5664000000002,1292.034,789,20240105,1515,1266.7,20240108.0,1345.0,1255.0,LSL
strategy1,BUY,1274.72,1310.7,778,20240109,1315,1285.0,20240110.0,915.0,1271.0,LSL
strategy1,BUY,1271.496,1307.385,780,20240110,1445,1281.75,20240112.0,915.0,1260.1,LSL
strategy1,BUY,1246.5472,1281.732,795,20240115,1015,1256.6,20240116.0,1115.0,1245.55,LSL
strategy1,BUY,1213.3648,1247.613,817,20240118,1215,1223.15,20240123.0,1215.0,1210.45,LSL
strategy1,BUY,1202.8,1236.75,824,20240124,1415,1212.5,20240125.0,1045.0,1199.75,LSL
strategy1,BUY,1200.816,1234.71,826,20240129,1115,1210.5,20240129.0,1215.0,1241.25,LT
strategy1,BUY,1225.4671999999998,1260.057,809,20240131,1515,1235.35,20240201.0,1345.0,1219.5,LSL
strategy1,BUY,1238.7104,1273.674,800,20240202,1045,1248.7,20240202.0,1245.0,1234.85,LSL
strategy1,BUY,1249.8208000000002,1285.0980000000002,793,20240205,945,1259.9,20240206.0,1015.0,1286.3,LT
strategy1,BUY,1283.0528000000002,1319.268,773,20240206,1115,1293.4,20240206.0,1145.0,1280.7,LSL
strategy1,BUY,1283.9951999999998,1320.2369999999999,772,20240208,1245,1294.35,20240208.0,1415.0,1283.55,LSL
strategy1,BUY,1276.8031999999998,1312.8419999999999,776,20240208,1445,1287.1,20240209.0,1115.0,1273.95,LSL
strategy1,BUY,1295.8,1332.375,765,20240209,1215,1306.25,20240212.0,1345.0,1286.7,LSL
strategy1,BUY,1099.8304,1130.874,901,20240215,1315,1108.7,20240216.0,1445.0,1132.6,LT
strategy1,BUY,1125.1264,1156.884,881,20240221,945,1134.2,20240221.0,1445.0,1122.75,LSL
strategy1,BUY,1121.3568,1153.008,884,20240222,1415,1130.4,20240226.0,1415.0,1157.85,LT
strategy1,BUY,1175.3216,1208.4959999999999,844,20240227,1315,1184.8,20240227.0,1445.0,1174.5,LSL
strategy1,BUY,1157.4656,1190.136,857,20240301,1115,1166.8,20240304.0,1515.0,1190.75,LT
strategy1,BUY,1192.7312,1226.397,831,20240305,945,1202.35,20240305.0,1115.0,1191.3,LSL
strategy1,BUY,1171.552,1204.62,846,20240307,1045,1181.0,20240307.0,1545.0,1170.9,LSL
strategy1,BUY,1108.9071999999999,1140.2069999999999,894,20240315,1215,1117.85,20240318.0,945.0,1108.4,LSL
strategy1,BUY,1099.5328000000002,1130.568,902,20240319,1345,1108.4,20240320.0,1015.0,1094.45,LSL
strategy1,BUY,1110.544,1141.89,893,20240322,1015,1119.5,20240327.0,1445.0,1108.25,LSL
strategy1,BUY,1119.8688000000002,1151.478,885,20240328,1415,1128.9,20240402.0,1215.0,1152.4,LT
strategy1,BUY,1146.1072,1178.4569999999999,865,20240402,1315,1155.35,20240403.0,915.0,1126.45,LSL
strategy1,BUY,1140.304,1172.49,869,20240404,1015,1149.5,20240405.0,945.0,1140.0,LSL
strategy1,BUY,1142.1888000000001,1174.428,868,20240408,1015,1151.4,20240408.0,1415.0,1176.15,LT
strategy1,BUY,1161.0368,1193.808,854,20240410,1245,1170.4,20240415.0,945.0,1159.55,LSL
strategy1,BUY,1170.064,1203.09,847,20240416,945,1179.5,20240419.0,1115.0,1169.65,LSL
strategy1,BUY,1180.8768,1214.208,840,20240419,1345,1190.4,20240424.0,945.0,1220.75,LT
strategy1,BUY,1207.264,1241.34,821,20240424,1115,1217.0,20240425.0,915.0,1258.65,LT
strategy1,BUY,1310.68,1347.675,756,20240426,945,1321.25,20240426.0,1515.0,1308.2,LSL
strategy1,BUY,1242.976,1278.06,798,20240508,1315,1253.0,20240508.0,1345.0,1307.0,LT
strategy1,BUY,1394.6528,1434.018,711,20240513,1315,1405.9,20240514.0,1115.0,1435.8,LT
strategy1,BUY,1426.1488000000002,1466.403,695,20240514,1315,1437.65,20240516.0,1015.0,1470.05,LT
strategy1,BUY,1468.408,1509.855,675,20240516,1045,1480.25,20240516.0,1115.0,1465.15,LSL
strategy1,BUY,1463.3984,1504.704,677,20240516,1315,1475.2,20240522.0,915.0,1505.4,LT
strategy1,BUY,1473.8144,1515.414,673,20240523,1145,1485.7,20240524.0,1145.0,1542.5,LT
strategy1,BUY,1571.824,1616.19,631,20240527,1345,1584.5,20240527.0,1515.0,1571.55,LSL
strategy1,BUY,1572.568,1616.955,630,20240528,1045,1585.25,20240528.0,1215.0,1571.0,LSL
strategy1,BUY,1557.936,1601.91,636,20240529,1515,1570.5,20240530.0,915.0,1556.55,LSL
strategy1,BUY,1557.4895999999999,1601.451,636,20240531,1345,1570.05,20240531.0,1515.0,1552.45,LSL
strategy1,BUY,1594.1936,1639.191,622,20240603,1145,1607.05,20240604.0,915.0,1570.85,LSL
strategy1,BUY,1545.0896,1588.701,642,20240606,1345,1557.55,20240607.0,915.0,1543.65,LSL
strategy1,BUY,1547.768,1591.455,640,20240607,945,1560.25,20240610.0,915.0,1594.7,LT
strategy1,BUY,1582.736,1627.41,626,20240610,945,1595.5,20240610.0,1045.0,1581.85,LSL
strategy1,BUY,1588.4895999999999,1633.326,624,20240611,945,1601.3,20240612.0,1045.0,1634.85,LT
strategy1,BUY,1624.4496,1670.301,610,20240612,1145,1637.55,20240614.0,1145.0,1674.0,LT
strategy1,BUY,1717.9951999999998,1766.4869999999999,577,20240618,945,1731.85,20240618.0,1045.0,1702.8,LSL
strategy1,BUY,1690.2192,1737.927,586,20240619,1215,1703.85,20240620.0,1115.0,1744.1,LT
strategy1,BUY,1740.96,1790.1,569,20240620,1245,1755.0,20240620.0,1545.0,1800.2,LT
strategy1,BUY,1754.7984000000001,1804.329,565,20240624,1045,1768.95,20240624.0,1215.0,1750.0,LSL
strategy1,BUY,1744.7792,1794.0269999999998,568,20240625,945,1758.85,20240625.0,1145.0,1741.1,LSL
strategy1,BUY,1677.6208000000001,1724.9730000000002,591,20240701,945,1691.15,20240701.0,1315.0,1671.3,LSL
strategy1,BUY,1645.3808000000001,1691.823,602,20240703,1515,1658.65,20240704.0,915.0,1632.95,LSL
strategy1,BUY,1650.688,1697.28,600,20240704,1115,1664.0,20240708.0,1145.0,1650.15,LSL
strategy1,BUY,1660.856,1707.735,597,20240708,1515,1674.25,20240710.0,945.0,1658.05,LSL
strategy1,BUY,1612.8928,1658.4180000000001,615,20240715,1445,1625.9,20240716.0,1245.0,1659.5,LT
strategy1,BUY,1647.6624,1694.169,602,20240716,1345,1660.95,20240718.0,945.0,1628.65,LSL
strategy1,BUY,1601.6336,1646.841,619,20240722,1045,1614.55,20240722.0,1245.0,1600.95,LSL
strategy1,BUY,1601.7328,1646.943,619,20240722,1315,1614.65,20240723.0,1245.0,1594.25,LSL
strategy1,BUY,1674.3472,1721.607,592,20240726,1415,1687.85,20240729.0,1015.0,1727.55,LT
strategy1,BUY,1727.6176,1776.3809999999999,574,20240729,1245,1741.55,20240730.0,945.0,1723.55,LSL
strategy1,BUY,1732.1808,1781.073,572,20240730,1245,1746.15,20240731.0,1015.0,1730.25,LSL
strategy1,BUY,1546.1808,1589.823,641,20240807,1515,1558.65,20240808.0,1015.0,1545.0,LSL
strategy1,BUY,1558.928,1602.93,636,20240808,1245,1571.5,20240808.0,1315.0,1625.2,LT
strategy1,BUY,1594.5408,1639.548,622,20240808,1445,1607.4,20240809.0,945.0,1645.55,LT
strategy1,BUY,1627.1776,1673.106,609,20240809,1245,1640.3,20240812.0,915.0,1611.2,LSL
strategy1,BUY,1590.92,1635.825,623,20240813,1145,1603.75,20240813.0,1415.0,1582.25,LSL
strategy1,BUY,1573.9071999999999,1618.3319999999999,630,20240816,1045,1586.6,20240819.0,1045.0,1570.0,LSL
strategy1,BUY,1574.8,1619.25,629,20240819,1445,1587.5,20240820.0,1015.0,1566.15,LSL
strategy1,BUY,1562.4496,1606.551,634,20240820,1415,1575.05,20240821.0,1015.0,1606.9,LT
strategy1,BUY,1592.2096,1637.1509999999998,623,20240821,1315,1605.05,20240822.0,1215.0,1640.05,LT
strategy1,BUY,1609.024,1654.44,616,20240823,1345,1622.0,20240827.0,1515.0,1608.5,LSL
strategy1,BUY,1572.072,1616.445,631,20240830,1045,1584.75,20240902.0,1015.0,1571.1,LSL
strategy1,BUY,1563.9376,1608.081,634,20240903,1015,1576.55,20240904.0,945.0,1561.55,LSL
strategy1,BUY,1568.848,1613.13,632,20240904,1445,1581.5,20240904.0,1545.0,1613.75,LT
strategy1,BUY,1594.9871999999998,1640.0069999999998,621,20240905,1145,1607.85,20240906.0,915.0,1590.85,LSL
strategy1,BUY,1545.04,1588.65,642,20240909,1515,1557.5,20240912.0,1515.0,1593.75,LT
strategy1,BUY,1581.248,1625.88,627,20240913,1015,1594.0,20240918.0,1315.0,1573.25,LSL
strategy1,BUY,1558.1344000000001,1602.114,636,20240919,1445,1570.7,20240923.0,915.0,1609.1,LT
strategy1,BUY,1595.136,1640.16,621,20240923,1015,1608.0,20240923.0,1115.0,1592.65,LSL
strategy1,BUY,1512.8496,1555.551,655,20241001,1345,1525.05,20241003.0,1145.0,1500.0,LSL
strategy1,BUY,1471.632,1513.17,674,20241007,945,1483.5,20241007.0,1015.0,1462.35,LSL
strategy1,BUY,1446.6336,1487.466,685,20241008,1045,1458.3,20241009.0,945.0,1494.15,LT
strategy1,BUY,1492.464,1534.59,664,20241009,1115,1504.5,20241010.0,1415.0,1491.45,LSL
strategy1,BUY,1479.3696,1521.126,670,20241014,1415,1491.3,20241015.0,1445.0,1478.95,LSL
strategy1,BUY,1461.712,1502.97,678,20241018,945,1473.5,20241021.0,1245.0,1457.7,LSL
strategy1,BUY,1415.7824,1455.7440000000001,700,20241023,1245,1427.2,20241023.0,1445.0,1407.3,LSL
strategy1,BUY,1411.368,1451.205,702,20241024,1445,1422.75,20241025.0,1015.0,1405.9,LSL
strategy1,BUY,1362.9088000000002,1401.3780000000002,727,20241029,1415,1373.9,20241030.0,1145.0,1408.6,LT
strategy1,BUY,1409.136,1448.91,703,20241030,1515,1420.5,20241031.0,1415.0,1402.8,LSL
strategy1,BUY,1405.4656,1445.136,705,20241104,1445,1416.8,20241105.0,1415.0,1453.4,LT
strategy1,BUY,1459.5792,1500.7769999999998,679,20241106,1145,1471.35,20241107.0,1045.0,1449.95,LSL
strategy1,BUY,1324.8655999999999,1362.261,748,20241119,945,1335.55,20241119.0,1515.0,1317.45,LSL
strategy1,BUY,1300.8096,1337.5259999999998,762,20241122,1015,1311.3,20241125.0,945.0,1342.15,LT
strategy1,BUY,1338.5056,1376.286,741,20241125,1045,1349.3,20241125.0,1145.0,1333.75,LSL
strategy1,BUY,1324.3696,1361.751,749,20241125,1245,1335.05,20241125.0,1515.0,1316.5,LSL
strategy1,BUY,1317.4751999999999,1354.6619999999998,752,20241127,1315,1328.1,20241128.0,1015.0,1356.8,LT
strategy1,BUY,1331.1152,1368.687,745,20241129,945,1341.85,20241129.0,1015.0,1330.2,LSL
strategy1,BUY,1325.8576,1363.281,748,20241129,1345,1336.55,20241202.0,945.0,1321.25,LSL
strategy1,BUY,1334.984,1372.665,743,20241202,1515,1345.75,20241204.0,1145.0,1374.15,LT
strategy1,BUY,1360.9744,1399.3890000000001,728,20241204,1315,1371.95,20241206.0,1445.0,1360.3,LSL
strategy1,BUY,1362.4624000000001,1400.919,728,20241210,945,1373.45,20241210.0,1245.0,1359.5,LSL
strategy1,BUY,1355.9648000000002,1394.238,731,20241211,1245,1366.9,20241212.0,1445.0,1354.05,LSL
strategy1,BUY,1355.9152,1394.187,731,20241216,945,1366.85,20241216.0,1045.0,1355.05,LSL
strategy1,BUY,1349.3184,1387.404,735,20241216,1145,1360.2,20241217.0,1215.0,1348.75,LSL
strategy1,BUY,1298.032,1334.67,764,20241220,1045,1308.5,20241220.0,1445.0,1292.7,LSL
strategy1,BUY,1287.7151999999999,1324.062,770,20241223,1445,1298.1,20241224.0,1145.0,1325.35,LT
strategy1,BUY,1310.3824,1347.3690000000001,757,20241224,1415,1320.95,20241230.0,915.0,1304.0,LSL
strategy1,BUY,1293.32,1329.825,767,20241231,1245,1303.75,20250101.0,945.0,1293.25,LSL
strategy1,BUY,1292.576,1329.06,767,20250102,1045,1303.0,20250106.0,945.0,1282.1,LSL
strategy1,BUY,1189.2592,1222.827,834,20250115,1045,1198.85,20250115.0,1245.0,1186.65,LSL
strategy1,BUY,1197.6416,1231.446,828,20250116,1245,1207.3,20250122.0,945.0,1188.9,LSL
strategy1,BUY,1212.0256,1246.2359999999999,818,20250122,1445,1221.8,20250127.0,945.0,1191.65,LSL
strategy1,BUY,1196.7488,1230.528,828,20250128,1145,1206.4,20250129.0,1315.0,1196.0,LSL
strategy1,BUY,1188.416,1221.96,834,20250131,1015,1198.0,20250131.0,1515.0,1223.6,LT
strategy1,BUY,1224.624,1259.19,810,20250201,1045,1234.5,20250201.0,1145.0,1221.75,LSL
strategy1,BUY,1162.4751999999999,1195.2869999999998,853,20250204,1145,1171.85,20250205.0,1215.0,1151.35,LSL
strategy1,BUY,1133.4096,1165.4009999999998,875,20250210,1245,1142.55,20250211.0,915.0,1123.0,LSL
strategy1,BUY,1085.0,1115.625,914,20250214,945,1093.75,20250214.0,1115.0,1062.25,LSL
strategy1,BUY,1074.5344,1104.864,923,20250217,1345,1083.2,20250218.0,945.0,1068.8,LSL
strategy1,BUY,1069.872,1100.07,927,20250219,1015,1078.5,20250219.0,1115.0,1066.5,LSL
strategy1,BUY,1069.8224,1100.019,927,20250219,1415,1078.45,20250221.0,1015.0,1069.5,LSL
strategy1,BUY,1042.4432,1071.867,951,20250225,1345,1050.85,20250227.0,915.0,1039.0,LSL
strategy1,BUY,1017.2464,1045.959,975,20250304,1115,1025.45,20250304.0,1315.0,1017.15,LSL
strategy1,BUY,1037.7312,1067.022,955,20250305,1415,1046.1,20250306.0,915.0,1074.3,LT
strategy1,BUY,1067.6896,1097.826,929,20250306,1045,1076.3,20250310.0,1445.0,1066.25,LSL
strategy1,BUY,1067.7392,1097.877,929,20250312,1415,1076.35,20250313.0,1045.0,1067.25,LSL
strategy1,BUY,1059.456,1089.36,936,20250317,1215,1068.0,20250318.0,1215.0,1089.75,LT
strategy1,BUY,1081.8256,1112.3609999999999,916,20250318,1315,1090.55,20250319.0,945.0,1114.6,LT
strategy1,BUY,1121.456,1153.11,884,20250319,1245,1130.5,20250320.0,915.0,1170.2,LT
strategy1,BUY,1182.4144000000001,1215.789,838,20250320,1345,1191.95,20250321.0,1115.0,1176.2,LSL
strategy1,BUY,1191.4912,1225.1219999999998,832,20250324,1315,1201.1,20250325.0,1015.0,1191.4,LSL
strategy1,BUY,1182.712,1216.095,838,20250326,1045,1192.25,20250326.0,1315.0,1182.6,LSL
strategy1,BUY,1162.6735999999999,1195.491,853,20250328,1345,1172.05,20250328.0,1545.0,1159.45,LSL
strategy1,BUY,1150.968,1183.455,861,20250402,1215,1160.25,20250402.0,1515.0,1150.65,LSL
strategy1,BUY,982.4272,1010.157,1009,20250411,1145,990.35,20250415.0,915.0,1059.1,LT
strategy1,BUY,1048.2464,1077.834,946,20250415,1215,1056.7,20250417.0,915.0,1045.2,LSL
strategy1,BUY,1062.0351999999998,1092.012,934,20250417,1345,1070.6,20250421.0,1215.0,1097.2,LT
strategy1,BUY,1087.4304,1118.124,912,20250421,1415,1096.2,20250423.0,945.0,1121.0,LT
strategy1,BUY,1103.4016,1134.546,899,20250423,1245,1112.3,20250423.0,1515.0,1136.9,LT
strategy1,BUY,1095.3664,1126.284,905,20250428,1015,1104.2,20250428.0,1115.0,1092.8,LSL
strategy1,BUY,1101.2192,1132.302,900,20250428,1215,1110.1,20250429.0,915.0,1148.0,LT
strategy1,BUY,1120.6624,1152.294,885,20250429,1215,1129.7,20250430.0,1145.0,1119.0,LSL
strategy1,BUY,1103.104,1134.24,899,20250502,1345,1112.0,20250502.0,1545.0,1102.5,LSL
strategy1,BUY,1106.1791999999998,1137.4019999999998,896,20250505,1045,1115.1,20250506.0,1145.0,1104.1,LSL
strategy1,BUY,1129.888,1161.78,877,20250507,1415,1139.0,20250508.0,1015.0,1129.4,LSL
strategy1,BUY,1131.7728000000002,1163.718,876,20250509,945,1140.9,20250509.0,1015.0,1165.0,LT
strategy1,BUY,1183.456,1216.86,838,20250512,1315,1193.0,20250513.0,945.0,1230.5,LT
strategy1,BUY,1210.6368,1244.808,819,20250513,1215,1220.4,20250513.0,1415.0,1207.7,LSL
strategy1,BUY,1239.2064,1274.184,800,20250514,1345,1249.2,,,,
